0.000000, BDCR ok: 00008200
0.000000, flash: latency=0
0.000000, rcc: Clocks { hclk1: MaybeHertz(16000000), hclk2: MaybeHertz(16000000), hse: MaybeHertz(0), lse: MaybeHertz(0), lsi: MaybeHertz(0), pclk1: MaybeHertz(16000000), pclk1_tim: MaybeHertz(16000000), pclk2: MaybeHertz(16000000), pclk2_tim: MaybeHertz(16000000), pll1_q: MaybeHertz(0), plli2s1_p: MaybeHertz(0), plli2s1_q: MaybeHertz(0), plli2s1_r: MaybeHertz(0), pllsai1_q: MaybeHertz(0), rtc: MaybeHertz(32000), sys: MaybeHertz(16000000) }
0.000122, Hello World!
0.001007, VrefInt: 1499
0.001770, VCCA: 3305 mV
0.002685, 659, 531
0.014251, 397, 320
0.025817, 378, 305
0.037384, 374, 301
0.048950, 377, 304
0.060516, 382, 308
0.072082, 375, 302
0.083709, 368, 297
0.095336, 356, 287
0.106964, 375, 302
0.118591, 366, 295
0.130218, 375, 302
0.141845, 376, 303
0.153472, 360, 290
0.165100, 379, 305
0.176727, 378, 305
0.188354, 365, 294
0.199981, 384, 309
0.211608, 358, 288
0.223236, 376, 303
0.234863, 356, 287
0.246490, 360, 290
0.258117, 372, 300
0.269744, 363, 293
0.281372, 382, 308
0.292999, 373, 301
0.304626, 370, 298
0.316253, 379, 305
0.327880, 363, 293
0.339447, 381, 307
0.351074, 380, 306
0.362701, 386, 311
0.374328, 358, 288
0.385955, 376, 303
0.397583, 357, 288
0.409210, 358, 288
0.420837, 363, 293
0.432464, 354, 285
0.444091, 365, 294
0.455718, 358, 288
0.467346, 380, 306
0.478973, 379, 305
0.490600, 361, 291
0.502227, 383, 309
0.513854, 382, 308
0.525482, 376, 303
0.537109, 379, 305
0.548736, 369, 297
0.560363, 380, 306
0.571990, 373, 301
0.583618, 387, 312
0.595245, 346, 279
0.606872, 376, 303
0.618499, 358, 288
0.630126, 364, 293
0.641754, 364, 293
0.653381, 356, 287
0.665008, 381, 307
0.676635, 361, 291
0.688262, 365, 294
0.699890, 380, 306
0.711517, 379, 305
0.723144, 384, 309
0.734771, 345, 278
0.746398, 370, 298
0.758026, 369, 297
0.769653, 359, 289
0.781280, 377, 304
0.792907, 361, 291
0.816162, 378, 305
0.827789, 384, 309
0.839416, 346, 279
0.851043, 355, 286
0.862670, 373, 301
0.874298, 357, 288
0.885925, 386, 311
0.897552, 346, 279
0.909179, 378, 305
0.920806, 375, 302
0.932434, 363, 293
0.944061, 380, 306
0.955688, 363, 293
0.967315, 384, 309
0.978942, 345, 278
0.990570, 373, 301
1.002197, 374, 301
1.013824, 374, 301
1.025451, 386, 311
1.037078, 363, 293
1.048706, 359, 289
1.060272, 362, 292
1.071899, 369, 297
1.083526, 362, 292
1.095153, 371, 299
1.106781, 383, 309
1.118408, 363, 293
1.130035, 381, 307
1.141662, 366, 295
1.153289, 365, 294
1.164916, 385, 310
1.176544, 362, 292
1.188171, 370, 298
1.199798, 358, 288
1.211425, 365, 294
1.223052, 364, 293
1.234680, 376, 303
1.246307, 366, 295
1.257934, 375, 302
1.269561, 373, 301
1.281188, 363, 293
1.292816, 384, 309
1.304443, 368, 297
1.316070, 367, 296
1.327697, 381, 307
1.339324, 360, 290
1.350952, 383, 309
1.362579, 384, 309
1.374206, 363, 293
1.385833, 374, 301
1.397460, 358, 288
1.409088, 369, 297
1.420715, 367, 296
1.432342, 365, 294
1.443969, 363, 293
1.467224, 370, 298
1.478851, 355, 286
1.490478, 380, 306
1.502105, 363, 293
1.513732, 360, 290
1.525360, 359, 289
1.536987, 376, 303
1.548614, 368, 297
1.560241, 361, 291
1.571868, 380, 306
1.583496, 378, 305
1.595123, 361, 291
1.606750, 363, 293
1.618377, 375, 302
1.630004, 374, 301
1.641632, 381, 307
1.653259, 386, 311
1.664886, 367, 296
1.676513, 376, 303
1.688140, 382, 308
1.699768, 360, 290
1.711395, 373, 301
1.723022, 363, 293
1.734649, 365, 294
1.746276, 363, 293
1.757904, 360, 290
1.769531, 367, 296
1.781097, 375, 302
1.792724, 373, 301
1.804351, 382, 308
1.815979, 386, 311
1.827606, 351, 283
1.839233, 369, 297
1.850860, 379, 305
1.862487, 361, 291
1.874114, 364, 293
1.885742, 360, 290
1.897369, 376, 303
1.908996, 381, 307
1.920623, 376, 303
1.932250, 371, 299
1.943878, 377, 304
1.955505, 382, 308
1.967132, 370, 298
1.978759, 369, 297
1.990386, 371, 299
2.002014, 373, 301
2.013641, 388, 313
2.025268, 361, 291
2.036895, 368, 297
2.048522, 361, 291
2.060150, 354, 285
2.071777, 361, 291
2.083404, 368, 297
2.095031, 365, 294
2.106658, 378, 305
2.118286, 375, 302
2.129913, 369, 297
2.141540, 356, 287
2.153167, 368, 297
2.164794, 378, 305
2.176422, 363, 293
2.188049, 362, 292
2.199676, 360, 290
2.211303, 380, 306
2.222930, 373, 301
2.234558, 373, 301
2.246185, 366, 295
2.257812, 369, 297
2.269439, 365, 294
2.281066, 375, 302
2.292694, 388, 313
2.304321, 349, 281
2.315948, 378, 305
2.339202, 361, 291
2.350830, 371, 299
2.362457, 358, 288
2.374084, 371, 299
2.385711, 374, 301
2.397338, 366, 295
2.408966, 364, 293
2.420593, 377, 304
2.432220, 385, 310
2.443847, 343, 276
2.455474, 375, 302
2.467102, 374, 301
2.478729, 376, 303
2.490356, 366, 295
2.501983, 375, 302
2.513610, 390, 314
2.525238, 350, 282
2.536865, 381, 307
2.560119, 364, 293
2.571746, 369, 297
2.583374, 374, 301
2.595001, 376, 303
2.606628, 362, 292
2.618255, 382, 308
2.629882, 382, 308
2.641510, 369, 297
2.653137, 387, 312
2.664764, 348, 280
2.676391, 377, 304
2.688018, 354, 285
2.699645, 377, 304
2.711273, 360, 290
2.722900, 373, 301
2.734527, 381, 307
2.746154, 352, 284
2.757781, 382, 308
2.769409, 378, 305
2.781036, 364, 293
2.792663, 372, 300
2.804290, 352, 284
2.815917, 365, 294
2.827545, 373, 301
2.839172, 384, 309
2.850799, 362, 292
2.862426, 354, 285
2.874053, 378, 305
2.885681, 375, 302
2.897308, 387, 312
2.908935, 350, 282
2.920562, 375, 302
2.932189, 378, 305
2.943817, 378, 305
2.955444, 370, 298
2.967071, 366, 295
2.978698, 385, 310
2.990325, 344, 277
3.001953, 352, 284
3.013580, 358, 288
3.025207, 354, 285
3.036834, 380, 306
3.048461, 357, 288
3.060089, 367, 296
3.071716, 361, 291
3.083343, 370, 298
3.106597, 373, 301
3.118225, 373, 301
3.129852, 378, 305
3.141479, 372, 300
3.153106, 365, 294
3.164733, 364, 293
3.176361, 385, 310
3.187988, 344, 277
3.199615, 363, 293
3.211242, 354, 285
3.222869, 357, 288
3.234497, 362, 292
3.246124, 376, 303
3.257751, 381, 307
3.269378, 373, 301
3.281005, 372, 300
3.292633, 363, 293
3.304260, 379, 305
3.315887, 381, 307
3.327514, 365, 294
3.339141, 386, 311
3.350769, 359, 289
3.362396, 377, 304
3.374023, 377, 304
3.385650, 359, 289
3.397277, 374, 301
3.408905, 363, 293
3.420532, 369, 297
3.432159, 359, 289
3.443786, 384, 309
3.455413, 349, 281
3.467041, 371, 299
3.478668, 362, 292
3.490295, 370, 298
3.501922, 367, 296
3.513549, 360, 290
3.525177, 373, 301
3.536804, 381, 307
3.548431, 377, 304
3.560058, 383, 309
3.571685, 366, 295
3.583312, 385, 310
3.594940, 352, 284
3.606567, 354, 285
3.618194, 371, 299
3.629821, 372, 300
3.641448, 383, 309
3.653076, 362, 292
3.664703, 370, 298
3.676330, 357, 288
3.687957, 360, 290
3.699584, 380, 306
3.711212, 360, 290
3.722839, 381, 307
3.734466, 362, 292
3.757720, 380, 306
3.769348, 363, 293
3.780975, 387, 312
3.792602, 362, 292
3.804229, 367, 296
3.815856, 359, 289
3.827484, 364, 293
3.839111, 365, 294
3.850738, 359, 289
3.862365, 383, 309
3.873992, 371, 299
3.885620, 376, 303
3.897247, 379, 305
3.908874, 367, 296
3.920501, 386, 311
3.932128, 358, 288
3.943756, 378, 305
3.955383, 357, 288
3.967010, 378, 305
3.978637, 379, 305
3.990264, 364, 293
4.001892, 366, 295
4.013519, 376, 303
4.025146, 383, 309
4.036773, 364, 293
4.048400, 372, 300
4.060028, 380, 306
4.071655, 378, 305
4.083282, 387, 312
4.094909, 347, 280
4.106536, 356, 287
4.118164, 357, 288
4.129791, 372, 300
4.141418, 377, 304
4.153045, 371, 299
4.164672, 383, 309
4.176300, 380, 306
4.187927, 387, 312
4.199554, 360, 290
4.211181, 354, 285
4.222808, 361, 291
4.234436, 356, 287
4.246063, 378, 305
4.257690, 374, 301
4.269317, 385, 310
4.280944, 363, 293
4.292572, 350, 282
4.304199, 375, 302
4.315826, 356, 287
4.327453, 381, 307
4.339080, 379, 305
4.350708, 366, 295
4.362335, 386, 311
4.373962, 361, 291
4.385589, 361, 291
4.408843, 375, 302
4.420471, 376, 303
4.432098, 385, 310
4.443725, 353, 284
4.455352, 351, 283
4.466979, 378, 305
4.478607, 374, 301
4.490234, 378, 305
4.501861, 380, 306
4.513488, 377, 304
4.525115, 385, 310
4.536743, 346, 279
4.548370, 374, 301
4.559997, 360, 290
4.571624, 373, 301
4.583251, 380, 306
4.594879, 361, 291
4.606506, 371, 299
4.618133, 362, 292
4.629760, 370, 298
4.641326, 377, 304
4.652954, 378, 305
4.664581, 369, 297
4.676208, 359, 289
4.687835, 385, 310
4.699462, 344, 277
4.711090, 356, 287
4.734344, 372, 300
4.745971, 370, 298
4.757598, 359, 289
4.769226, 385, 310
4.780853, 361, 291
4.792480, 370, 298
4.804107, 375, 302
4.815734, 359, 289
4.827362, 392, 316
4.838989, 363, 293
4.850616, 352, 284
4.862243, 351, 283
4.873870, 355, 286
4.885498, 360, 290
4.897125, 370, 298
4.908752, 364, 293
4.920379, 355, 286
4.932006, 360, 290
4.943634, 360, 290
4.955261, 370, 298
4.966888, 367, 296
4.978515, 357, 288
4.990142, 368, 297
5.001770, 373, 301
5.013397, 371, 299
5.025024, 381, 307
5.036590, 381, 307
5.048217, 375, 302
5.059844, 379, 305
5.071472, 387, 312
5.083099, 364, 293
5.094726, 369, 297
5.106353, 380, 306
5.117980, 374, 301
5.129608, 386, 311
5.141235, 345, 278
5.152862, 356, 287
5.164489, 370, 298
5.176116, 376, 303
5.187744, 365, 294
5.199371, 357, 288
5.210998, 365, 294
5.222625, 376, 303
5.234252, 380, 306
5.245880, 367, 296
5.257507, 362, 292
5.269134, 384, 309
5.280761, 358, 288
5.292388, 361, 291
5.304016, 363, 293
5.315643, 373, 301
5.327270, 378, 305
5.338897, 377, 304
5.350524, 368, 297
5.362152, 359, 289
5.373779, 380, 306
5.385406, 369, 297
5.397033, 376, 303
5.408660, 383, 309
5.420288, 363, 293
5.431854, 385, 310
5.443481, 358, 288
5.455108, 360, 290
5.466735, 374, 301
5.478363, 365, 294
5.489990, 375, 302
5.501617, 374, 301
5.513244, 372, 300
5.524871, 377, 304
5.536499, 379, 305
5.548126, 377, 304
5.559753, 370, 298
5.571380, 367, 296
5.583007, 377, 304
5.594635, 366, 295
5.606262, 364, 293
5.617889, 362, 292
5.629516, 369, 297
5.641143, 374, 301
5.652770, 370, 298
5.664398, 378, 305
5.676025, 381, 307
5.687652, 380, 306
5.699279, 363, 293
5.710906, 386, 311
5.722534, 343, 276
5.734161, 359, 289
5.745788, 372, 300
5.757415, 359, 289
5.769042, 362, 292
5.780670, 358, 288
5.792297, 383, 309
5.815551, 384, 309
5.827178, 351, 283
5.838806, 363, 293
5.850433, 381, 307
5.862060, 375, 302
5.873687, 391, 315
5.885314, 352, 284
5.896942, 375, 302
5.908569, 378, 305
5.920196, 361, 291
5.931823, 380, 306
5.943450, 375, 302
5.955078, 387, 312
5.966705, 348, 280
5.978332, 372, 300
5.989959, 374, 301
6.001586, 363, 293
6.013214, 382, 308
6.024841, 376, 303
6.036468, 385, 310
6.048095, 364, 293
6.059722, 354, 285
6.071350, 358, 288
6.082977, 358, 288
6.094604, 368, 297
6.106231, 359, 289
6.117858, 364, 293
6.141113, 379, 305
6.152740, 372, 300
6.164367, 358, 288
6.175994, 386, 311
6.187622, 362, 292
6.199249, 367, 296
6.210876, 379, 305
6.222503, 360, 290
6.234130, 372, 300
6.245758, 358, 288
6.257385, 383, 309
6.269012, 365, 294
6.280639, 364, 293
6.292266, 381, 307
6.303894, 373, 301
6.315521, 370, 298
6.327148, 363, 293
6.338775, 380, 306
6.350402, 380, 306
6.362030, 379, 305
6.373657, 385, 310
6.385284, 361, 291
6.396911, 373, 301
6.408538, 358, 288
6.420166, 381, 307
6.431793, 367, 296
6.443420, 379, 305
6.466674, 362, 292
6.478302, 375, 302
6.489929, 375, 302
6.501556, 365, 294
6.513183, 365, 294
6.524810, 357, 288
6.536437, 384, 309
6.548065, 357, 288
6.559692, 358, 288
6.571319, 370, 298
6.582946, 372, 300
6.594573, 375, 302
6.606201, 360, 290
6.617828, 384, 309
6.629455, 343, 276
6.641082, 371, 299
6.652709, 362, 292
6.664337, 356, 287
6.675964, 377, 304
6.687591, 355, 286
6.699218, 380, 306
6.710845, 374, 301
6.722473, 375, 302
6.734100, 385, 310
6.745727, 363, 293
6.757354, 373, 301
6.768981, 369, 297
6.780609, 362, 292
6.792236, 358, 288
6.803863, 364, 293
6.815490, 378, 305
6.827117, 367, 296
6.838745, 385, 310
6.850372, 344, 277
6.861999, 354, 285
6.873626, 354, 285
6.885253, 371, 299
6.896881, 375, 302
6.908508, 364, 293
6.920135, 384, 309
6.931762, 362, 292
6.943389, 372, 300
6.955017, 357, 288
6.966644, 359, 289
6.978271, 382, 308
6.989898, 360, 290
7.001525, 373, 301
7.013153, 377, 304
7.024780, 363, 293
7.036407, 378, 305
7.048034, 358, 288
7.059661, 368, 297
7.071289, 371, 299
7.082916, 369, 297
7.094543, 360, 290
7.106170, 373, 301
7.117797, 385, 310
7.129425, 359, 289
7.141052, 380, 306
7.152679, 373, 301
7.164306, 371, 299
7.175933, 365, 294
7.187561, 377, 304
7.199188, 370, 298
7.210815, 375, 302
7.222442, 389, 314
7.234069, 349, 281
7.245697, 361, 291
7.257324, 374, 301
7.268951, 358, 288
7.280578, 368, 297
7.292205, 374, 301
7.303833, 370, 298
7.315460, 380, 306
7.327087, 356, 287
7.338714, 383, 309
7.350341, 375, 302
7.361968, 376, 303
7.373596, 376, 303
7.385223, 382, 308
7.396850, 367, 296
7.408477, 383, 309
7.420104, 377, 304
7.431732, 377, 304
7.443359, 386, 311
7.454986, 345, 278
7.466613, 353, 284
7.478240, 361, 291
7.489868, 355, 286
7.501495, 377, 304
7.513122, 372, 300
7.524749, 368, 297
7.536376, 375, 302
7.548004, 382, 308
7.559631, 365, 294
7.571258, 376, 303
7.582885, 383, 309
7.594512, 380, 306
7.606140, 385, 310
7.617767, 367, 296
7.629394, 376, 303
7.641021, 364, 293
7.652648, 357, 288
7.664276, 369, 297
7.675903, 376, 303
7.687530, 381, 307
7.699157, 367, 296
7.710784, 377, 304
7.722412, 370, 298
7.734039, 378, 305
7.745666, 388, 313
7.757293, 363, 293
7.768920, 374, 301
7.780548, 365, 294
7.792175, 375, 302
7.803802, 370, 298
7.815429, 360, 290
7.827056, 381, 307
7.838684, 372, 300
7.850311, 365, 294
7.861938, 384, 309
7.873565, 345, 278
7.885192, 356, 287
7.896820, 359, 289
7.908447, 361, 291
7.920074, 358, 288
7.931701, 361, 291
7.943328, 362, 292
7.954956, 357, 288
7.966583, 365, 294
7.978210, 359, 289
7.989837, 364, 293
8.001464, 362, 292
8.013092, 360, 290
8.024719, 375, 302
8.036346, 360, 290
8.047973, 367, 296
8.059600, 359, 289
8.071228, 383, 309
8.094482, 381, 307
8.106109, 378, 305
8.117736, 373, 301
8.129364, 380, 306
8.140991, 365, 294
8.152618, 367, 296
8.164245, 385, 310
8.175872, 344, 277
8.187438, 363, 293
8.199066, 368, 297
8.210693, 376, 303
8.222320, 360, 290
8.233947, 358, 288
8.245574, 386, 311
8.257202, 360, 290
8.268829, 357, 288
8.280456, 358, 288
8.292083, 362, 292
8.303710, 368, 297
8.315338, 353, 284
8.326965, 365, 294
8.338592, 376, 303
8.350219, 385, 310
8.361846, 350, 282
8.373474, 354, 285
8.385101, 363, 293
8.396728, 370, 298
8.408355, 367, 296
8.419982, 378, 305
8.431610, 368, 297
8.443237, 364, 293
8.454864, 358, 288
8.466491, 366, 295
8.478118, 376, 303
8.489746, 380, 306
8.501373, 375, 302
8.513000, 382, 308
8.524627, 369, 297
8.536254, 360, 290
8.547882, 365, 294
8.559509, 359, 289
8.571136, 381, 307
8.582702, 383, 309
8.594329, 384, 309
8.605957, 356, 287
8.617584, 368, 297
8.629211, 364, 293
8.640838, 370, 298
8.652465, 383, 309
8.664093, 370, 298
8.675720, 366, 295
8.687347, 370, 298
8.698974, 359, 289
8.710601, 370, 298
8.722229, 360, 290
8.733856, 361, 291
8.745483, 362, 292
8.757110, 371, 299
8.768737, 365, 294
8.780364, 360, 290
8.791992, 376, 303
8.803619, 370, 298
8.815246, 362, 292
8.826873, 364, 293
8.838500, 371, 299
8.850128, 378, 305
8.861755, 376, 303
8.873382, 381, 307
8.885009, 366, 295
8.896636, 363, 293
8.908264, 385, 310
8.919891, 360, 290
8.931518, 359, 289
8.943145, 356, 287
8.954772, 379, 305
8.966400, 365, 294
8.977966, 382, 308
8.989593, 390, 314
9.001220, 349, 281
9.012847, 359, 289
9.024475, 375, 302
9.036102, 364, 293
9.047729, 364, 293
9.059356, 372, 300
9.070983, 369, 297
9.082611, 375, 302
9.094238, 384, 309
9.105865, 349, 281
9.117492, 374, 301
9.129119, 381, 307
9.140747, 379, 305
9.152374, 375, 302
9.175628, 369, 297
9.187255, 361, 291
9.198883, 375, 302
9.210510, 372, 300
9.222137, 360, 290
9.233764, 381, 307
9.245391, 377, 304
9.257019, 382, 308
9.268646, 373, 301
9.280273, 378, 305
9.291900, 368, 297
9.303527, 357, 288
9.315155, 380, 306
9.326782, 375, 302
9.338409, 364, 293
9.350036, 366, 295
9.361663, 359, 289
9.373291, 372, 300
9.384918, 375, 302
9.396545, 388, 313
9.408172, 350, 282
9.419799, 357, 288
9.431427, 378, 305
9.443054, 355, 286
9.454681, 379, 305
9.466308, 357, 288
9.477935, 378, 305
9.489562, 382, 308
9.501190, 367, 296
9.512817, 388, 313
9.524444, 349, 281
9.536071, 367, 296
9.547698, 373, 301
9.559326, 364, 293
9.570953, 379, 305
9.582580, 361, 291
9.594207, 367, 296
9.605834, 359, 289
9.617462, 385, 310
9.629089, 364, 293
9.640716, 369, 297
9.652343, 371, 299
9.663970, 375, 302
9.675598, 387, 312
9.687225, 360, 290
9.710479, 359, 289
9.722106, 359, 289
9.733734, 385, 310
9.745361, 344, 277
9.756988, 354, 285
9.768615, 369, 297
9.780242, 359, 289
9.791870, 380, 306
9.803497, 363, 293
9.815124, 368, 297
9.826751, 360, 290
9.838378, 367, 296
9.850006, 379, 305
9.861633, 365, 294
9.873260, 387, 312
9.884887, 362, 292
9.896514, 368, 297
9.908142, 362, 292
9.919769, 373, 301
9.931396, 363, 293
9.943023, 373, 301
9.954650, 385, 310
9.966278, 344, 277
9.977905, 375, 302
9.989532, 376, 303
10.001159, 365, 294
10.012786, 363, 293
10.036041, 387, 312
10.047668, 347, 280
10.059295, 375, 302
10.070922, 375, 302
10.082550, 364, 293
10.094177, 363, 293
10.105804, 359, 289
10.117431, 370, 298
10.129058, 360, 290
10.140686, 365, 294
10.152313, 375, 302
10.163940, 363, 293
10.175567, 381, 307
10.187194, 362, 292
10.198822, 367, 296
10.210449, 378, 305
10.222076, 382, 308
10.233703, 370, 298
10.245330, 362, 292
10.256958, 381, 307
10.268585, 362, 292
10.280212, 365, 294
10.291839, 375, 302
10.303466, 370, 298
10.315093, 368, 297
10.326721, 376, 303
10.338348, 371, 299
10.361602, 366, 295
10.373229, 363, 293
10.384857, 379, 305
10.396484, 384, 309
10.408111, 358, 288
10.419738, 362, 292
10.431365, 356, 287
10.442993, 361, 291
10.454620, 378, 305
10.466247, 377, 304
10.477874, 382, 308
10.489501, 376, 303
10.501129, 369, 297
10.512756, 376, 303
10.524383, 365, 294
10.536010, 369, 297
10.547637, 361, 291
10.559265, 389, 314
10.570892, 343, 276
10.582519, 375, 302
10.594146, 374, 301
10.605773, 364, 293
10.617401, 367, 296
10.629028, 377, 304
10.640655, 384, 309
10.652282, 347, 280
10.663909, 369, 297
10.675537, 360, 290
10.687164, 355, 286
10.698791, 365, 294
10.710418, 372, 300
10.722045, 365, 294
10.733673, 376, 303
10.745300, 383, 309
10.756927, 388, 313
10.768554, 348, 280
10.780181, 380, 306
10.791809, 359, 289
10.803436, 384, 309
10.815063, 344, 277
10.826690, 367, 296
10.838317, 359, 289
10.849945, 370, 298
10.861572, 382, 308
10.873199, 375, 302
10.884826, 371, 299
10.896453, 366, 295
10.908081, 380, 306
10.919708, 386, 311
10.931335, 347, 280
10.942962, 353, 284
10.954589, 368, 297
10.966217, 360, 290
10.977844, 372, 300
10.989471, 374, 301
11.012725, 361, 291
11.024353, 375, 302
11.035980, 382, 308
11.047607, 386, 311
11.059234, 369, 297
11.070861, 369, 297
11.082489, 367, 296
11.094116, 375, 302
11.105743, 370, 298
11.117370, 382, 308
11.128997, 365, 294
11.140625, 369, 297
11.152252, 374, 301
11.163879, 389, 314
11.175506, 367, 296
11.187133, 371, 299
11.198760, 363, 293
11.210388, 375, 302
11.222015, 386, 311
11.233642, 344, 277
11.245269, 372, 300
11.256896, 372, 300
11.268524, 376, 303
11.280151, 380, 306
11.291778, 377, 304
11.303405, 384, 309
11.315032, 342, 276
11.326660, 367, 296
11.338287, 362, 292
11.349914, 357, 288
11.361541, 382, 308
11.373168, 362, 292
11.384796, 369, 297
11.396423, 359, 289
11.408050, 365, 294
11.419677, 367, 296
11.431304, 366, 295
11.442932, 372, 300
11.454559, 376, 303
11.466186, 370, 298
11.477813, 377, 304
11.489440, 379, 305
11.501068, 373, 301
11.512695, 378, 305
11.524322, 384, 309
11.535949, 362, 292
11.547576, 361, 291
11.559204, 357, 288
11.570831, 365, 294
11.582458, 365, 294
11.594085, 357, 288
11.605712, 378, 305
11.617340, 374, 301
11.628967, 381, 307
11.640594, 385, 310
11.652221, 352, 284
11.663848, 381, 307
11.675476, 366, 295
11.687103, 384, 309
11.698730, 362, 292
11.710357, 373, 301
11.721984, 363, 293
11.733551, 366, 295
11.745178, 372, 300
11.756805, 376, 303
11.768432, 369, 297
11.780059, 378, 305
11.791687, 382, 308
11.803314, 388, 313
11.814941, 346, 279
11.826568, 375, 302
11.838195, 361, 291
11.849822, 378, 305
11.861450, 380, 306
11.873077, 362, 292
11.884704, 389, 314
11.896331, 363, 293
11.907958, 361, 291
11.919586, 369, 297
11.931213, 363, 293
11.942840, 358, 288
11.954467, 359, 289
11.966094, 383, 309
11.977722, 378, 305
11.989349, 383, 309
12.000976, 367, 296
12.012603, 369, 297
12.024230, 385, 310
12.035858, 345, 278
12.047485, 356, 287
12.059112, 367, 296
12.070739, 383, 309
12.082366, 369, 297
12.093994, 361, 291
12.105621, 364, 293
12.117248, 358, 288
12.128814, 386, 311
12.140441, 346, 279
12.152069, 354, 285
12.163696, 371, 299
12.175323, 372, 300
12.186950, 381, 307
12.198577, 361, 291
12.210205, 380, 306
12.221832, 374, 301
12.233459, 367, 296
12.245086, 370, 298
12.256713, 378, 305
12.268341, 385, 310
12.279968, 364, 293
12.291595, 359, 289
12.314849, 363, 293
12.326477, 367, 296
12.338104, 357, 288
12.349731, 368, 297
12.361358, 360, 290
12.372985, 375, 302
12.384613, 365, 294
12.396240, 378, 305
12.407867, 375, 302
12.419494, 376, 303
12.431121, 370, 298
12.442749, 361, 291
12.454376, 364, 293
12.466003, 378, 305
12.477630, 377, 304
12.489257, 371, 299
12.500885, 378, 305
12.512512, 367, 296
12.524078, 381, 307
12.535705, 369, 297
12.547332, 369, 297
12.558959, 355, 286
12.570587, 365, 294
12.582214, 377, 304
12.593841, 379, 305
12.605468, 364, 293
12.617095, 377, 304
12.628723, 367, 296
12.640350, 361, 291
12.651977, 384, 309
12.663604, 363, 293
12.675231, 374, 301
12.686859, 383, 309
12.698486, 367, 296
12.710113, 392, 316
12.721740, 349, 281
12.733367, 364, 293
12.744995, 375, 302
12.756622, 362, 292
12.768249, 364, 293
12.779876, 357, 288
12.791503, 382, 308
12.803131, 380, 306
12.814758, 389, 314
12.826385, 369, 297
12.838012, 357, 288
12.849639, 381, 307
12.861267, 366, 295
12.872894, 370, 298
12.884521, 377, 304
12.896148, 382, 308
12.907775, 368, 297
12.919403, 360, 290
12.931030, 379, 305
12.942657, 373, 301
12.954284, 387, 312
12.965911, 363, 293
12.977539, 355, 286
12.989166, 372, 300
13.000793, 371, 299
13.012420, 382, 308
13.024047, 377, 304
13.035675, 368, 297
13.047302, 365, 294
13.058929, 364, 293
13.070556, 373, 301
13.082183, 377, 304
13.093811, 370, 298
13.105438, 373, 301
13.117065, 368, 297
13.128692, 365, 294
13.140319, 375, 302
13.151947, 375, 302
13.163574, 367, 296
13.175201, 382, 308
13.186828, 372, 300
13.198455, 384, 309
13.210083, 351, 283
13.221710, 370, 298
13.233337, 363, 293
13.244964, 371, 299
13.256591, 360, 290
13.268218, 374, 301
13.279846, 367, 296
13.291473, 378, 305
13.303100, 358, 288
13.314727, 371, 299
13.326354, 377, 304
13.337982, 363, 293
13.349609, 378, 305
13.361236, 363, 293
13.372863, 367, 296
13.396118, 370, 298
13.407745, 376, 303
13.419372, 363, 293
13.430999, 378, 305
13.442626, 377, 304
13.454254, 384, 309
13.465881, 344, 277
13.477508, 372, 300
13.489135, 362, 292
13.500762, 374, 301
13.512390, 383, 309
13.524017, 378, 305
13.535644, 375, 302
13.547271, 380, 306
13.558898, 370, 298
13.570526, 384, 309
13.582153, 361, 291
13.593780, 359, 289
13.605407, 355, 286
13.617034, 373, 301
13.628662, 362, 292
13.640289, 361, 291
13.651916, 363, 293
13.663543, 375, 302
13.675170, 368, 297
13.686798, 357, 288
13.698425, 379, 305
13.710052, 362, 292
13.721679, 365, 294
13.733306, 362, 292
13.744934, 357, 288
13.756561, 384, 309
13.768188, 345, 278
13.779815, 369, 297
13.791442, 359, 289
13.803070, 359, 289
13.814697, 379, 305
13.826324, 362, 292
13.837951, 381, 307
13.849578, 363, 293
13.861206, 364, 293
13.872833, 376, 303
13.884460, 382, 308
13.896087, 389, 314
13.907714, 362, 292
13.919342, 361, 291
13.930969, 356, 287
13.942596, 361, 291
13.954223, 377, 304
13.965850, 360, 290
13.977478, 362, 292
13.989105, 354, 285
14.000732, 379, 305
14.012359, 364, 293
14.023986, 371, 299
14.047241, 377, 304
14.058868, 370, 298
14.070495, 375, 302
14.082122, 370, 298
14.093750, 363, 293
14.105377, 363, 293
14.117004, 371, 299
14.128631, 358, 288
14.140258, 386, 311
14.151885, 365, 294
14.163513, 374, 301
14.175140, 381, 307
14.186767, 372, 300
14.198394, 373, 301
14.210021, 363, 293
14.221649, 367, 296
14.233276, 365, 294
14.244903, 366, 295
14.256530, 384, 309
14.268157, 343, 276
14.279785, 364, 293
14.291412, 356, 287
14.303039, 375, 302
14.314666, 363, 293
14.326293, 376, 303
14.337921, 366, 295
14.349548, 359, 289
14.361175, 375, 302
14.372802, 383, 309
14.384429, 374, 301
14.396057, 370, 298
14.407684, 362, 292
14.419311, 369, 297
14.430938, 356, 287
14.442565, 364, 293
14.454193, 367, 296
14.465820, 368, 297
14.477447, 363, 293
14.489074, 371, 299
14.500701, 381, 307
14.512329, 361, 291
14.523956, 381, 307
14.535583, 382, 308
14.547210, 383, 309
14.558837, 393, 317
14.570465, 363, 293
14.582092, 379, 305
14.593719, 358, 288
14.605346, 365, 294
14.616973, 382, 308
14.628601, 365, 294
14.640228, 373, 301
14.651855, 362, 292
14.663482, 364, 293
14.675109, 363, 293
14.698364, 382, 308
14.709991, 365, 294
14.721618, 385, 310
14.733245, 346, 279
14.744873, 355, 286
14.756500, 356, 287
14.768127, 359, 289
14.779754, 377, 304
14.791381, 361, 291
14.803009, 380, 306
14.814636, 378, 305
14.826263, 366, 295
14.837890, 382, 308
14.849517, 383, 309
14.861145, 391, 315
14.872772, 367, 296
14.884399, 369, 297
14.896026, 360, 290
14.907653, 362, 292
14.919281, 376, 303
14.930908, 361, 291
14.942535, 374, 301
14.954162, 363, 293
14.965789, 382, 308
14.977416, 384, 309
14.989044, 352, 284
15.000701, 361, 291
15.012329, 368, 297
15.023956, 372, 300
15.035583, 359, 289
15.047210, 369, 297
15.058837, 382, 308
15.070465, 364, 293
15.082092, 373, 301
15.093719, 379, 305
15.105346, 379, 305
15.116973, 380, 306
15.128601, 371, 299
15.140228, 366, 295
15.151855, 379, 305
15.163482, 373, 301
15.175109, 378, 305
15.186737, 369, 297
15.198364, 375, 302
15.209991, 365, 294
15.221618, 369, 297
15.233245, 359, 289
15.244873, 386, 311
15.256500, 363, 293
15.268127, 377, 304
15.279754, 378, 305
15.291381, 360, 290
15.303009, 365, 294
15.314636, 374, 301
15.326263, 369, 297
15.349517, 377, 304
15.361145, 367, 296
15.372772, 363, 293
15.384399, 386, 311
15.396026, 360, 290
15.407653, 373, 301
15.419281, 376, 303
15.430908, 364, 293
15.454162, 378, 305
15.465789, 371, 299
15.477416, 362, 292
15.489044, 364, 293
15.500671, 378, 305
15.512298, 360, 290
15.523925, 379, 305
15.535552, 375, 302
15.547180, 372, 300
15.558807, 365, 294
15.570434, 383, 309
15.582061, 385, 310
15.593688, 366, 295
15.605316, 364, 293
15.616943, 371, 299
15.628570, 383, 309
15.640197, 380, 306
15.651824, 384, 309
15.663452, 366, 295
15.675079, 372, 300
15.686706, 369, 297
15.698333, 373, 301
15.709960, 378, 305
15.721588, 360, 290
15.733215, 378, 305
15.744842, 366, 295
15.756469, 375, 302
15.768096, 378, 305
15.779724, 360, 290
15.791351, 381, 307
15.802978, 381, 307
15.814605, 380, 306
15.826232, 372, 300
15.837860, 379, 305
15.849487, 382, 308
15.861114, 380, 306
15.872741, 367, 296
15.884368, 383, 309
15.895996, 385, 310
15.907623, 374, 301
15.919250, 375, 302
15.930877, 372, 300
15.942504, 374, 301
15.954132, 368, 297
15.965759, 367, 296
15.977386, 362, 292
16.000701, 359, 289
16.012329, 362, 292
16.023956, 359, 289
16.035583, 376, 303
16.047210, 381, 307
16.058837, 378, 305
16.070465, 383, 309
16.082092, 365, 294
16.093719, 375, 302
16.105346, 367, 296
16.116973, 380, 306
16.128601, 389, 314
16.140228, 366, 295
16.151855, 363, 293
16.163482, 374, 301
16.175109, 367, 296
16.186737, 368, 297
16.198364, 356, 287
16.209991, 362, 292
16.221618, 370, 298
16.233245, 382, 308
16.244873, 385, 310
16.256500, 348, 280
16.268127, 375, 302
16.279754, 357, 288
16.291381, 366, 295
16.303009, 361, 291
16.314636, 379, 305
16.326263, 380, 306
16.337890, 361, 291
16.349517, 375, 302
16.361145, 367, 296
16.372772, 376, 303
16.384399, 365, 294
16.396026, 382, 308
16.407653, 389, 314
16.419281, 366, 295
16.430908, 381, 307
16.442535, 362, 292
16.454162, 364, 293
16.465789, 381, 307
16.477416, 379, 305
16.489044, 366, 295
16.500671, 375, 302
16.512298, 387, 312
16.523925, 348, 280
16.535552, 374, 301
16.547119, 379, 305
16.558746, 363, 293
16.570373, 386, 311
16.582000, 361, 291
16.593627, 377, 304
16.605255, 372, 300
16.616882, 359, 289
16.628509, 381, 307
16.640136, 376, 303
16.651763, 376, 303
16.663391, 358, 288
16.675018, 369, 297
16.686645, 377, 304
16.698272, 372, 300
16.709899, 385, 310
16.721527, 347, 280
16.733154, 360, 290
16.744781, 371, 299
16.756408, 370, 298
16.768035, 361, 291
16.779663, 356, 287
16.791290, 364, 293
16.802917, 365, 294
16.814544, 383, 309
16.826171, 367, 296
16.837799, 373, 301
16.849426, 365, 294
16.861083, 380, 306
16.872741, 388, 313
16.884399, 366, 295
16.896057, 379, 305
16.907714, 359, 289
16.919372, 379, 305
16.931030, 385, 310
16.942687, 363, 293
16.954345, 361, 291
16.966003, 366, 295
16.977661, 375, 302
16.989318, 370, 298
17.000976, 374, 301
17.012634, 372, 300
17.024291, 360, 290
17.035949, 379, 305
17.047607, 363, 293
17.059265, 361, 291
17.082580, 371, 299
17.094238, 366, 295
17.105895, 358, 288
17.117553, 369, 297
17.129211, 364, 293
17.140869, 358, 288
17.152526, 366, 295
17.164184, 361, 291
17.175842, 386, 311
17.187500, 347, 280
17.199157, 356, 287
17.210815, 373, 301
17.222473, 373, 301
17.234130, 368, 297
17.245788, 370, 298
17.257446, 385, 310
17.269104, 347, 280
17.280761, 353, 284
17.292419, 355, 286
17.304077, 354, 285
17.315734, 361, 291
17.327392, 372, 300
17.339050, 378, 305
17.350708, 361, 291
17.362365, 359, 289
17.374023, 371, 299
17.385681, 364, 293
17.408996, 367, 296
17.420654, 367, 296
17.432312, 368, 297
17.443969, 374, 301
17.455627, 372, 300
17.467285, 376, 303
17.478942, 377, 304
17.490600, 362, 292
17.502258, 365, 294
17.513916, 378, 305
17.525573, 367, 296
17.537231, 370, 298
17.548889, 373, 301
17.560546, 370, 298
17.572204, 364, 293
17.583862, 371, 299
17.595520, 383, 309
17.607177, 361, 291
17.618835, 371, 299
17.630493, 379, 305
17.642150, 366, 295
17.653808, 382, 308
17.665466, 377, 304
17.677124, 384, 309
17.688781, 346, 279
17.700439, 371, 299
17.712097, 364, 293
17.735412, 364, 293
17.747070, 359, 289
17.758728, 367, 296
17.770385, 362, 292
17.782043, 365, 294
17.793701, 378, 305
17.805358, 359, 289
17.817016, 384, 309
17.828674, 360, 290
17.840332, 375, 302
17.851989, 360, 290
17.863647, 373, 301
17.875305, 376, 303
17.886962, 374, 301
17.898620, 387, 312
17.910278, 364, 293
17.921936, 362, 292
17.933593, 374, 301
17.945251, 363, 293
17.956909, 364, 293
17.968536, 374, 301
17.980194, 377, 304
17.991851, 373, 301
18.003509, 364, 293
18.015167, 366, 295
18.026824, 377, 304
18.038482, 385, 310
18.050140, 345, 278
18.061798, 357, 288
18.073455, 355, 286
18.085113, 363, 293
18.096771, 374, 301
18.108428, 358, 288
18.120086, 370, 298
18.131744, 366, 295
18.143402, 366, 295
18.155059, 363, 293
18.166717, 358, 288
18.178375, 367, 296
18.190032, 375, 302
18.201690, 372, 300
18.213348, 379, 305
18.225006, 371, 299
18.236663, 367, 296
18.248321, 382, 308
18.259979, 375, 302
18.271636, 367, 296
18.283294, 372, 300
18.294952, 369, 297
18.306610, 384, 309
18.318267, 359, 289
18.329925, 369, 297
18.341583, 382, 308
18.353240, 377, 304
18.364898, 384, 309
18.388214, 369, 297
18.399871, 360, 290
18.411529, 371, 299
18.423187, 379, 305
18.434844, 368, 297
18.446502, 361, 291
18.458160, 361, 291
18.469818, 357, 288
18.481475, 367, 296
18.493133, 360, 290
18.504791, 377, 304
18.516448, 362, 292
18.528106, 362, 292
18.539764, 378, 305
18.551422, 374, 301
18.563079, 369, 297
18.574737, 376, 303
18.586395, 366, 295
18.598052, 378, 305
18.609710, 361, 291
18.621368, 383, 309
18.633026, 379, 305
18.644683, 371, 299
18.656341, 379, 305
18.667999, 379, 305
18.679656, 368, 297
18.691314, 374, 301
18.702972, 385, 310
18.714630, 351, 283
18.726287, 357, 288
18.737945, 359, 289
18.749603, 380, 306
18.761260, 387, 312
18.772918, 362, 292
18.784576, 373, 301
18.796234, 365, 294
18.807891, 380, 306
18.819549, 380, 306
18.831207, 365, 294
18.842864, 371, 299
18.854522, 371, 299
18.866180, 384, 309
18.877838, 362, 292
18.889495, 357, 288
18.901153, 375, 302
18.912811, 378, 305
18.924468, 372, 300
18.936126, 376, 303
18.947784, 364, 293
18.959442, 379, 305
18.971099, 377, 304
18.982757, 369, 297
18.994415, 356, 287
19.006072, 366, 295
19.017730, 359, 289
19.029388, 367, 296
19.041046, 382, 308
19.052703, 384, 309
19.064361, 374, 301
19.076019, 355, 286
19.087677, 384, 309
19.099334, 355, 286
19.110992, 358, 288
19.122650, 357, 288
19.134307, 359, 289
19.145965, 389, 314
19.157623, 357, 288
19.169281, 382, 308
19.180938, 372, 300
19.192596, 384, 309
19.204254, 367, 296
19.215911, 366, 295
19.227569, 372, 300
19.239227, 373, 301
19.250885, 391, 315
19.262542, 366, 295
19.274200, 358, 288
19.285858, 369, 297
19.297515, 353, 284
19.309173, 388, 313
19.320831, 358, 288
19.332489, 378, 305
19.344146, 375, 302
19.355804, 361, 291
19.367462, 389, 314
19.379119, 342, 276
19.390777, 379, 305
19.402435, 361, 291
19.414093, 365, 294
19.425750, 373, 301
19.437408, 354, 285
19.449066, 388, 313
19.472381, 370, 298
19.484039, 357, 288
19.495697, 374, 301
19.507354, 386, 311
19.519012, 357, 288
19.530670, 367, 296
19.542327, 358, 288
19.553985, 384, 309
19.565643, 365, 294
19.577301, 368, 297
19.588958, 381, 307
19.600616, 357, 288
19.612274, 386, 311
19.623931, 346, 279
19.635589, 355, 286
19.647247, 359, 289
19.658905, 350, 282
19.670562, 374, 301
